Position,Const,Created,Modified,Description,Title,My Rate,URL,Title Type,IMDb Rating,Runtime (mins),Year,Genres,Num Votes,Release Date,Directors,Your Rating,Date Rated
1,tt8111088,12/5/2020,12/5/2020,"The travels of a lone bounty hunter in the outer reaches of the galaxy, far from the authority of the New Republic.",The Mandalorian,7,https://www.imdb.com/title/tt8111088/,tvSeries,8.7,40,2019,"Action, Adventure, Fantasy, Sci-Fi",457035,11/12/2019,,,
2,tt1190634,12/5/2020,12/5/2020,A group of vigilantes set out to take down corrupt superheroes who abuse their superpowers.,The Boys,6.5,https://www.imdb.com/title/tt1190634/,tvSeries,8.7,60,2019,"Action, Crime, Drama, Sci-Fi",455417,7/16/2019,,,
3,tt0944947,12/5/2020,12/5/2020,"Nine noble families fight for control over the lands of Westeros, while an ancient enemy returns after being dormant for millennia.",Game of Thrones,9,https://www.imdb.com/title/tt0944947/,tvSeries,9.2,57,2011,"Action, Adventure, Drama, Fantasy",2035676,4/16/2011,,,
4,tt0903747,12/5/2020,12/5/2020,A high school chemistry teacher diagnosed with inoperable lung cancer turns to manufacturing and selling methamphetamine in order to secure his family's future.,Breaking Bad,8.5,https://www.imdb.com/title/tt0903747/,tvSeries,9.5,49,2008,"Crime, Drama, Thriller",1810542,1/20/2008,,,
5,tt5180504,12/5/2020,12/5/2020,"Geralt of Rivia, a solitary monster hunter, struggles to find his place in a world where people often prove more wicked than beasts.",The Witcher,9.5,https://www.imdb.com/title/tt5180504/,tvSeries,8.2,60,2019,"Action, Adventure, Drama, Fantasy, Mystery",476938,12/20/2019,,,
6,tt0108778,12/5/2020,12/5/2020,Follows the personal and professional lives of six twenty to thirty-something-year-old friends living in Manhattan.,Friends,9.5,https://www.imdb.com/title/tt0108778/,tvSeries,8.9,22,1994,"Comedy, Romance",974068,9/22/1994,,,
7,tt0460681,12/5/2020,12/5/2020,"Two brothers follow their father's footsteps as hunters, fighting evil supernatural beings of many kinds, including monsters, demons and gods that roam the earth.",Supernatural,7,https://www.imdb.com/title/tt0460681/,tvSeries,8.4,44,2005,"Drama, Fantasy, Horror, Mystery, Thriller",437397,9/13/2005,,,
8,tt8103070,12/5/2020,12/5/2020,"Hope Mikaelson, a tribrid daughter of a Vampire/Werewolf hybrid, makes her way in the world.",Legacies,7.5,https://www.imdb.com/title/tt8103070/,tvSeries,7.2,45,2018,"Adventure, Drama, Fantasy, Horror, Mystery",31179,10/25/2018,,,
9,tt4052886,12/5/2020,12/5/2020,Lucifer Morningstar has decided he's had enough of being the dutiful servant in Hell and decides to spend some time on Earth to better understand humanity. He settles in Los Angeles - the City of Angels.,Lucifer,6.5,https://www.imdb.com/title/tt4052886/,tvSeries,8.1,42,2016,"Crime, Drama, Fantasy",316635,1/25/2016,,,
10,tt2661044,12/5/2020,12/5/2020,"Set 97 years after a nuclear war destroyed civilization, when a spaceship housing humanity's lone survivors sends 100 juvenile delinquents back to Earth, hoping to repopulate the planet.",The 100,9.5,https://www.imdb.com/title/tt2661044/,tvSeries,7.6,43,2014,"Drama, Mystery, Sci-Fi",247604,3/19/2014,,,
11,tt4574334,12/5/2020,12/5/2020,"When a young boy disappears, his mother, a police chief and his friends must confront terrifying supernatural forces in order to get him back.",Stranger Things,6,https://www.imdb.com/title/tt4574334/,tvSeries,8.7,51,2016,"Drama, Fantasy, Horror, Mystery, Sci-Fi, Thriller",1134621,7/5/2016,,,
12,tt2085059,12/5/2020,12/5/2020,"An anthology series exploring a twisted, high-tech multiverse where humanity's greatest innovations and darkest instincts collide.",Black Mirror,6.5,https://www.imdb.com/title/tt2085059/,tvSeries,8.8,60,2011,"Drama, Mystery, Sci-Fi, Thriller",532153,12/4/2011,,,
13,tt0475784,12/5/2020,12/5/2020,"At the intersection of the near future and the reimagined past, waits a world in which every human appetite can be indulged without consequence.",Westworld,8,https://www.imdb.com/title/tt0475784/,tvSeries,8.5,62,2016,"Drama, Mystery, Sci-Fi",494325,9/30/2016,,,
14,tt1475582,12/5/2020,12/5/2020,A modern update finds the famous sleuth and his doctor partner solving crime in 21st-century London.,Sherlock,8,https://www.imdb.com/title/tt1475582/,tvSeries,9.1,88,2010,"Crime, Drama, Mystery, Thriller",909619,7/22/2010,,,
15,tt10048342,12/6/2020,12/6/2020,"Orphaned at the tender age of nine, prodigious introvert Beth Harmon discovers and masters the game of chess in 1960s USA. But child stardom comes at a price.",The Queen's Gambit,8.5,https://www.imdb.com/title/tt10048342/,tvMiniSeries,8.6,60,2020,Drama,427762,10/23/2020,,,
16,tt5607976,12/8/2020,12/8/2020,A young girl is destined to liberate her world from the grip of the Magisterium which represses people's ties to magic and their animal spirits known as daemons.,His Dark Materials,8.5,https://www.imdb.com/title/tt5607976/,tvSeries,7.8,60,2019,"Adventure, Drama, Family, Fantasy",63205,11/3/2019,,,
17,tt2177461,12/13/2020,12/13/2020,"Diana Bishop, historian and witch, accesses Ashmole 782 and knows she must solve its mysteries. She is offered help by the enigmatic Matthew Clairmont, but he's a vampire and witches should never trust vampires.",A Discovery of Witches,8.5,https://www.imdb.com/title/tt2177461/,tvSeries,7.9,60,2018,"Drama, Fantasy, Romance",52237,9/14/2018,,,
18,tt7569592,12/13/2020,12/13/2020,"As her 16th birthday nears, Sabrina must choose between the witch world of her family and the human world of her friends. Based on the Archie comic.",Chilling Adventures of Sabrina,8.5,https://www.imdb.com/title/tt7569592/,tvSeries,7.4,60,2018,"Drama, Fantasy, Horror, Mystery, Thriller",93054,10/5/2018,,,
19,tt4254242,12/21/2020,12/21/2020,"After being recruited to a secretive academy, a group of students discover that the magic they read about as children is very real-and more dangerous than they ever imagined.",The Magicians,8.4,https://www.imdb.com/title/tt4254242/,tvSeries,7.6,60,2015,"Drama, Fantasy, Mystery",50533,12/16/2015,,,
20,tt5304992,12/22/2020,12/22/2020,Two corporate executive assistants hatch a plan to match-make their two bosses.,Set It Up,,https://www.imdb.com/title/tt5304992/,movie,6.5,105,2018,"Comedy, Romance",52983,6/12/2018,Claire Scanlon,,
21,tt1312171,1/15/2021,1/15/2021,"A family of former child heroes, now grown apart, must reunite to continue to protect the world.",The Umbrella Academy,7.5,https://www.imdb.com/title/tt1312171/,tvSeries,7.9,60,2019,"Action, Adventure, Comedy, Drama, Fantasy, Sci-Fi",239517,2/15/2019,,,
22,tt5071412,1/15/2021,1/15/2021,"A financial advisor drags his family from Chicago to the Missouri Ozarks, where he must launder money to appease a drug boss.",Ozark,7,https://www.imdb.com/title/tt5071412/,tvSeries,8.5,60,2017,"Crime, Drama, Thriller",306622,7/21/2017,,,
23,tt4145054,1/15/2021,1/15/2021,"After her mother disappears, Clary must venture into the dark world of demon hunting, and embrace her new role among the Shadowhunters.",Shadowhunters: The Mortal Instruments,8,https://www.imdb.com/title/tt4145054/,tvSeries,6.5,42,2016,"Action, Drama, Fantasy, Romance",62689,1/12/2016,,,
24,tt1837654,1/15/2021,1/15/2021,"16 year old Cassie Blake moves to Chance Harbor, Washington to live with her grandmother after her mother mysteriously dies. She discovers she's a witch along with 5 other teens.",The Secret Circle,9,https://www.imdb.com/title/tt1837654/,tvSeries,7.3,45,2011,"Drama, Fantasy, Horror, Romance",47465,9/15/2011,,,
25,tt7846844,1/15/2021,1/15/2021,"When Enola Holmes-Sherlock's teen sister-discovers her mother is missing, she sets off to find her, becoming a super-sleuth in her own right as she outwits her famous brother and unravels a dangerous conspiracy around a mysterious young Lord.",Enola Holmes,8.5,https://www.imdb.com/title/tt7846844/,movie,6.6,123,2020,"Action, Adventure, Crime, Drama, Mystery",168436,9/23/2020,Harry Bradbeer,,
26,tt1954347,1/15/2021,1/15/2021,A detective from the year 2077 finds herself trapped in present-day Vancouver and searching for ruthless criminals from the future.,Continuum,8,https://www.imdb.com/title/tt1954347/,tvSeries,7.6,45,2012,"Action, Sci-Fi, Thriller",60930,5/27/2012,,,
27,tt5651844,1/28/2021,1/28/2021,"Hundreds of years from now, surviving humans discover how to send consciousness back through time, into people of the 21st century, while attempting to change the path of humanity.",Travelers,8,https://www.imdb.com/title/tt5651844/,tvSeries,8,45,2016,"Drama, Mystery, Sci-Fi, Thriller",55941,10/17/2016,,,
28,tt11192306,3/5/2021,3/5/2021,"The world's most famous superhero and comic books' most famous journalist face the pressures and complexities that come with balancing work, justice, and parenthood in today's society.",Superman & Lois,7,https://www.imdb.com/title/tt11192306/,tvSeries,7.8,42,2021,"Action, Adventure, Drama, Romance, Sci-Fi",31639,2/22/2021,,,
29,tt4276624,3/5/2021,3/5/2021,The untold story of Superman's grandfather as he fights for justice on his home planet.,Krypton,8.5,https://www.imdb.com/title/tt4276624/,tvSeries,6.8,45,2018,"Action, Adventure, Drama, Sci-Fi",16729,3/15/2018,,,
30,tt9208876,3/5/2021,3/5/2021,"Following the events of 'Avengers: Endgame,' Sam Wilson/Falcon and Bucky Barnes/Winter Soldier team up in a global adventure that tests their abilities -- and their patience.",The Falcon and the Winter Soldier,8,https://www.imdb.com/title/tt9208876/,tvMiniSeries,7.2,50,2021,"Action, Adventure, Drama, Sci-Fi",211678,3/19/2021,,,
31,tt12361974,3/5/2021,3/5/2021,"Determined to ensure that Superman's ultimate sacrifice wasn't in vain, Bruce Wayne recruits a team of metahumans to protect the world from an approaching threat of catastrophic proportions.",Zack Snyder's Justice League,8.5,https://www.imdb.com/title/tt12361974/,movie,8,242,2021,"Action, Adventure, Fantasy, Sci-Fi",387958,3/18/2021,Zack Snyder,,
32,tt5109280,3/5/2021,3/5/2021,"In a realm known as Kumandra, a re-imagined Earth inhabited by an ancient civilization, a warrior named Raya is determined to find the last dragon.",Raya and the Last Dragon,7,https://www.imdb.com/title/tt5109280/,movie,7.3,107,2021,"Animation, Action, Adventure, Comedy, Drama, Family, Fantasy",147930,3/3/2021,"Paul Briggs, Don Hall, Carlos LÃ³pez Estrada, John Ripa",,
33,tt9140554,3/16/2021,3/16/2021,The mercurial villain Loki resumes his role as the God of Mischief in a new series that takes place after the events of “Avengers: Endgame.”,Loki,7.5,https://www.imdb.com/title/tt9140554/,tvSeries,8.2,53,2021,"Action, Adventure, Fantasy, Sci-Fi",300816,6/9/2021,,,
34,tt7817340,3/16/2021,3/16/2021,A new medical director breaks the rules to heal the system at America's oldest public hospital.,New Amsterdam,5,https://www.imdb.com/title/tt7817340/,tvSeries,8,43,2018,Drama,36945,9/25/2018,,,
35,tt7821582,3/27/2021,3/27/2021,A true-crime podcaster tries to solve the mystery surrounding a family patriarch's death.,Truth Be Told,7,https://www.imdb.com/title/tt7821582/,tvSeries,7.1,45,2019,"Crime, Drama, Mystery, Thriller",12581,12/6/2019,,,
36,tt9140560,3/27/2021,3/27/2021,"Blends the style of classic sitcoms with the MCU, in which Wanda Maximoff and Vision - two super-powered beings living their ideal suburban lives - begin to suspect that everything is not as it seems.",WandaVision,7,https://www.imdb.com/title/tt9140560/,tvMiniSeries,7.9,350,2021,"Action, Comedy, Drama, Fantasy, Romance, Sci-Fi",311180,1/15/2021,,,
37,tt4154796,3/27/2021,3/27/2021,"After the devastating events of Avengers: Infinity War (2018), the universe is in ruins. With the help of remaining allies, the Avengers assemble once more in order to reverse Thanos' actions and restore balance to the universe.",Avengers: Endgame,9,https://www.imdb.com/title/tt4154796/,movie,8.4,181,2019,"Action, Adventure, Drama, Sci-Fi",1094275,4/22/2019,"Anthony Russo, Joe Russo",,
38,tt7286456,3/27/2021,3/27/2021,A mentally troubled stand-up comedian embarks on a downward spiral that leads to the creation of an iconic villain.,Joker,8,https://www.imdb.com/title/tt7286456/,movie,8.4,122,2019,"Crime, Drama, Thriller",1234212,8/31/2019,Todd Phillips,,
39,tt0451279,3/27/2021,3/27/2021,"When a pilot crashes and tells of conflict in the outside world, Diana, an Amazonian warrior in training, leaves home to fight a war, discovering her full powers and true destiny.",Wonder Woman,8.5,https://www.imdb.com/title/tt0451279/,movie,7.4,141,2017,"Action, Adventure, Fantasy, Sci-Fi, War",648688,5/15/2017,Patty Jenkins,,
40,tt8179402,4/1/2021,4/1/2021,"A live-action adaptation of Nickelodeon's Winx Club (2004). It follows Bloom as she adjusts to life in the Otherworld, where she must learn to control her dangerous magical powers.",Fate: The Winx Saga,9,https://www.imdb.com/title/tt8179402/,tvSeries,6.9,,2021,"Action, Adventure, Drama, Fantasy",40545,1/22/2021,,,
41,tt1022603,4/1/2021,4/1/2021,"After being dumped by the girl he believes to be his soulmate, hopeless romantic Tom Hansen reflects on their relationship to try and figure out where things went wrong and how he can win her back.",(500) Days of Summer,9.5,https://www.imdb.com/title/tt1022603/,movie,7.7,95,2009,"Comedy, Drama, Romance",510665,1/17/2009,Marc Webb,,
42,tt7203552,4/8/2021,4/8/2021,"An inside look at the lives of the people who help America wake up in the morning, exploring the unique challenges faced by the men and women who carry out this daily televised ritual.",The Morning Show,6.5,https://www.imdb.com/title/tt7203552/,tvSeries,8.3,60,2019,Drama,98359,10/28/2019,,,
43,tt2364582,4/8/2021,4/8/2021,"The missions of the Strategic Homeland Intervention, Enforcement and Logistics Division.",Agents of S.H.I.E.L.D.,8.5,https://www.imdb.com/title/tt2364582/,tvSeries,7.5,45,2013,"Action, Adventure, Drama, Sci-Fi, Thriller",215947,7/19/2013,,,
44,tt7949218,4/8/2021,4/8/2021,"Far in a dystopian future, the human race has lost the sense of sight, and society has had to find new ways to interact, build, hunt, and to survive. All of that is challenged when a set of twins are born with sight.",See,8.5,https://www.imdb.com/title/tt7949218/,tvSeries,7.6,60,2019,"Action, Drama, Sci-Fi",75103,11/1/2019,,,
45,tt8210856,4/12/2021,4/12/2021,A teenage sorceress named Nimue encounters a young Arthur on her quest to find a powerful and ancient sword.,Cursed,9,https://www.imdb.com/title/tt8210856/,tvSeries,5.8,60,2020,"Adventure, Drama, Fantasy",30123,7/17/2020,,,
46,tt1051220,4/12/2021,4/12/2021,"Series of adventures, war, and evil that occur throughout the history of the Four Lands.",The Shannara Chronicles,8.5,https://www.imdb.com/title/tt1051220/,tvSeries,7.1,42,2016,"Adventure, Drama, Fantasy",60192,1/5/2016,,,
47,tt8295472,4/12/2021,4/12/2021,"Out to avenge his mother's death, a college student pledges to a secret order and lands in a war between werewolves and practitioners of dark magic.",The Order,9,https://www.imdb.com/title/tt8295472/,tvSeries,6.7,60,2019,"Drama, Fantasy, Horror",28310,3/7/2019,,,
48,tt7556122,4/12/2021,4/12/2021,A covert team of immortal mercenaries is suddenly exposed and must now fight to keep their identity a secret just as an unexpected new member is discovered.,The Old Guard,7.5,https://www.imdb.com/title/tt7556122/,movie,6.6,125,2020,"Action, Thriller",161962,7/10/2020,Gina Prince-Bythewood,,
49,tt1837492,4/12/2021,4/12/2021,"Follows teenager Clay Jensen, in his quest to uncover the story behind his classmate and crush, Hannah, and her decision to end her life.",13 Reasons Why,6,https://www.imdb.com/title/tt1837492/,tvSeries,7.5,60,2017,"Drama, Mystery, Thriller",288044,3/31/2017,,,
50,tt2403776,4/23/2021,4/23/2021,Dark forces conspire against orphan mapmaker Alina Starkov when she unleashes an extraordinary power that could change the fate of her war-torn world.,Shadow and Bone,9,https://www.imdb.com/title/tt2403776/,tvSeries,7.6,60,2021,"Action, Adventure, Drama, Fantasy, Mystery",81429,4/23/2021,,,
51,tt10893694,4/26/2021,4/26/2021,"Set in Victorian London, the series follows a gang of troubled street teens who are manipulated into solving crimes for the sinister Doctor Watson and his mysterious business partner, the elusive Sherlock Holmes.",The Irregulars,8.5,https://www.imdb.com/title/tt10893694/,tvSeries,5.9,,2021,"Crime, Drama, Fantasy, Mystery",15118,3/25/2021,,,
52,tt9059350,4/26/2021,4/26/2021,"After waking up in a morgue, an orphaned teen discovers she now possesses superpowers as the chosen Halo Bearer for a secret sect of demon-hunting nuns.",Warrior Nun,7.5,https://www.imdb.com/title/tt9059350/,tvSeries,6.8,,2020,"Action, Drama, Fantasy",30819,6/2/2020,,,
53,tt1567432,4/27/2021,4/27/2021,An average high school student and his best friend get caught up in some trouble causing him to receive a werewolf bite. As a result they find themselves in the middle of all sorts of dramas in Beacon Hills.,Teen Wolf,7,https://www.imdb.com/title/tt1567432/,tvSeries,7.7,41,2011,"Action, Drama, Fantasy, Romance, Thriller",146230,6/5/2011,,,
54,tt6468322,4/27/2021,4/27/2021,An unusual group of robbers attempt to carry out the most perfect robbery in Spanish history - stealing 2.4 billion euros from the Royal Mint of Spain.,La casa de papel,7,https://www.imdb.com/title/tt6468322/,tvSeries,8.2,70,2017,"Action, Crime, Drama, Mystery, Thriller",467206,5/2/2017,,,
55,tt1405406,4/27/2021,4/27/2021,"The lives, loves, dangers and disasters in the town, Mystic Falls, Virginia. Creatures of unspeakable horror lurk beneath this town as a teenage girl is suddenly torn between two vampire brothers.",The Vampire Diaries,8,https://www.imdb.com/title/tt1405406/,tvSeries,7.7,43,2009,"Drama, Fantasy, Horror, Mystery, Romance, Thriller",316728,9/10/2009,,,
56,tt1043813,4/27/2021,4/27/2021,A team of young superheroes combat evil and other perils.,Titans,8.5,https://www.imdb.com/title/tt1043813/,tvSeries,7.6,45,2018,"Action, Adventure, Crime, Drama, Fantasy, Sci-Fi",97784,10/3/2018,,,
57,tt1236246,4/27/2021,4/27/2021,"After discovering their parents are super-villains in disguise, a group of teenagers band together to run away from their homes in order to atone for their parents' actions and to discover the secrets of their origins.",Runaways,8.5,https://www.imdb.com/title/tt1236246/,tvSeries,6.9,60,2017,"Action, Drama, Sci-Fi",26122,10/6/2017,,,
58,tt4396630,4/27/2021,4/27/2021,"In a world where mutated humans are treated with distrust and fear, an institute for mutants battles to achieve peaceful co-existence with humanity.",The Gifted,8.5,https://www.imdb.com/title/tt4396630/,tvSeries,7.2,43,2017,"Action, Drama, Fantasy, Sci-Fi",34953,10/1/2017,,,
59,tt5614844,4/27/2021,4/27/2021,Two teenagers from very different backgrounds find themselves burdened and awakened to newly acquired superpowers while growing closer together every day.,Cloak & Dagger,7.5,https://www.imdb.com/title/tt5614844/,tvSeries,6.6,44,2018,"Action, Adventure, Drama, Sci-Fi",20428,3/11/2018,,,
60,tt4230076,4/27/2021,4/27/2021,"Set a few months after the events of the second season of Daredevil, and a month after the events of Iron Fist, the vigilantes Daredevil, Jessica Jones, Luke Cage, and Iron Fist team up in New York City to fight a common enemy: The Hand.",The Defenders,9.3,https://www.imdb.com/title/tt4230076/,tvMiniSeries,7.2,50,2017,"Action, Adventure, Crime, Fantasy, Sci-Fi",106152,7/22/2017,,,
61,tt3322310,4/27/2021,4/27/2021,A young man is bestowed with incredible martial arts skills and a mystical force known as the Iron Fist.,Iron Fist,9,https://www.imdb.com/title/tt3322310/,tvSeries,6.4,55,2017,"Action, Adventure, Crime, Fantasy, Sci-Fi",129561,3/15/2017,,,
62,tt2357547,4/27/2021,4/27/2021,"Following the tragic end of her brief superhero career, Jessica Jones tries to rebuild her life as a private investigator, dealing with cases involving people with remarkable abilities in New York City.",Jessica Jones,9,https://www.imdb.com/title/tt2357547/,tvSeries,7.9,56,2015,"Action, Crime, Drama, Sci-Fi, Thriller",212406,10/10/2015,,,
63,tt5675620,4/27/2021,4/27/2021,"After the murder of his family, Marine veteran Frank Castle becomes the vigilante known as ""The Punisher,"" with only one goal in mind: to avenge them.",The Punisher,9,https://www.imdb.com/title/tt5675620/,tvSeries,8.5,53,2017,"Action, Crime, Drama, Thriller",229288,11/6/2017,,,
64,tt4154756,4/27/2021,4/27/2021,The Avengers and their allies must be willing to sacrifice all in an attempt to defeat the powerful Thanos before his blitz of devastation and ruin puts an end to the universe.,Avengers: Infinity War,9,https://www.imdb.com/title/tt4154756/,movie,8.4,149,2018,"Action, Adventure, Sci-Fi",1049811,4/23/2018,"Anthony Russo, Joe Russo",,
65,tt3322312,4/27/2021,4/27/2021,"A blind lawyer by day, vigilante by night. Matt Murdock fights the crime of New York as Daredevil.",Daredevil,9,https://www.imdb.com/title/tt3322312/,tvSeries,8.6,54,2015,"Action, Crime, Drama, Fantasy, Sci-Fi, Thriller",431175,4/2/2015,,,
66,tt5774002,5/1/2021,5/1/2021,"The first generation of superheroes has kept the world safe for nearly a century. Now their children must live up to their legacy in an epic drama that spans decades and navigates the dynamics of family, power and loyalty.",Jupiter's Legacy,8,https://www.imdb.com/title/tt5774002/,tvSeries,6.7,56,2021,"Action, Adventure, Drama, Fantasy, Sci-Fi",38154,5/7/2021,,,
67,tt1837642,5/6/2021,5/6/2021,An emotionally troubled young woman sets out to exact revenge against the people who wronged her father.,Revenge,9.5,https://www.imdb.com/title/tt1837642/,tvSeries,7.8,44,2011,"Drama, Mystery, Thriller",119726,9/21/2011,,,
68,tt3480822,5/6/2021,5/6/2021,Natasha Romanoff confronts the darker parts of her ledger when a dangerous conspiracy with ties to her past arises.,Black Widow,8.5,https://www.imdb.com/title/tt3480822/,movie,6.7,134,2021,"Action, Adventure, Sci-Fi",366077,6/30/2021,Cate Shortland,,
69,tt6334354,5/6/2021,5/6/2021,"Supervillains Harley Quinn, Bloodsport, Peacemaker, and a collection of nutty cons at Belle Reve prison join the super-secret, super-shady Task Force X as they are dropped off at the remote, enemy-infused island of Corto Maltese.",The Suicide Squad,8.5,https://www.imdb.com/title/tt6334354/,movie,7.2,132,2021,"Action, Adventure, Comedy, Sci-Fi",340086,7/28/2021,James Gunn,,
70,tt9376612,5/6/2021,5/6/2021,"Shang-Chi, the master of weaponry-based Kung Fu, is forced to confront his past after being drawn into the Ten Rings organization.",Shang-Chi and the Legend of the Ten Rings,8.5,https://www.imdb.com/title/tt9376612/,movie,7.4,132,2021,"Action, Adventure, Fantasy, Sci-Fi",369034,8/16/2021,Destin Daniel Cretton,,
71,tt7097896,5/6/2021,5/6/2021,"Eddie Brock attempts to reignite his career by interviewing serial killer Cletus Kasady, who becomes the host of the symbiote Carnage and escapes prison after a failed execution.",Venom: Let There Be Carnage,8,https://www.imdb.com/title/tt7097896/,movie,5.9,97,2021,"Action, Adventure, Sci-Fi, Thriller",216330,9/14/2021,Andy Serkis,,
72,tt9032400,5/6/2021,5/6/2021,"The saga of the Eternals, a race of immortal beings who lived on Earth and shaped its history and civilizations.",Eternals,7.5,https://www.imdb.com/title/tt9032400/,movie,6.3,156,2021,"Action, Adventure, Fantasy, Sci-Fi",329278,10/18/2021,ChloÃ© Zhao,,
73,tt9663764,5/6/2021,5/6/2021,Plot unknown. Sequel to the 2018 film 'Aquaman.',Aquaman and the Lost Kingdom,7.5,https://www.imdb.com/title/tt9663764/,movie,,,2023,"Action, Adventure, Fantasy, Sci-Fi",,12/25/2023,James Wan,,
74,tt10872600,5/6/2021,5/6/2021,"With Spider-Man's identity now revealed, Peter asks Doctor Strange for help. When a spell goes wrong, dangerous foes from other worlds start to appear, forcing Peter to discover what it truly means to be Spider-Man.",Spider-Man: No Way Home,8,https://www.imdb.com/title/tt10872600/,movie,8.3,148,2021,"Action, Adventure, Fantasy, Sci-Fi",712735,12/13/2021,Jon Watts,,
76,tt1877830,5/6/2021,5/6/2021,"When a sadistic serial killer begins murdering key political figures in Gotham, Batman is forced to investigate the city's hidden corruption and question his family's involvement.",The Batman,7.5,https://www.imdb.com/title/tt1877830/,movie,7.9,176,2022,"Action, Crime, Drama, Mystery",580936,3/1/2022,Matt Reeves,,
77,tt9419884,5/6/2021,5/6/2021,"Doctor Strange teams up with a mysterious teenage girl from his dreams who can travel across multiverses, to battle multiple threats, including other-universe versions of himself, which threaten to wipe out millions across the multiverse. They seek help from Wanda the Scarlet Witch, Wong and others.",Doctor Strange in the Multiverse of Madness,9.2,https://www.imdb.com/title/tt9419884/,movie,7,126,2022,"Action, Adventure, Fantasy, Horror, Sci-Fi",365125,5/2/2022,Sam Raimi,,
78,tt10648342,5/6/2021,5/6/2021,"Thor enlists the help of Valkyrie, Korg and ex-girlfriend Jane Foster to fight Gorr the God Butcher, who intends to make the gods extinct.",Thor: Love and Thunder,9,https://www.imdb.com/title/tt10648342/,movie,6.7,118,2022,"Action, Adventure, Comedy, Fantasy, Romance, Sci-Fi",171884,6/23/2022,Taika Waititi,,
79,tt9114286,5/6/2021,5/6/2021,The nation of Wakanda is pitted against intervening world powers as they mourn the loss of their king T'Challa.,Black Panther: Wakanda Forever,8.5,https://www.imdb.com/title/tt9114286/,movie,,,2022,"Action, Adventure, Drama, Sci-Fi, Thriller",,11/9/2022,Ryan Coogler,,
84,tt6791350,5/6/2021,5/6/2021,"Still reeling from the loss of Gamora, Peter Quill rallies his team to defend the universe and one of their own - a mission that could mean the end of the Guardians if not successful.",Guardians of the Galaxy Vol. 3,9,https://www.imdb.com/title/tt6791350/,movie,,,2023,"Action, Adventure, Comedy, Sci-Fi, Thriller",,5/4/2023,James Gunn,,
87,tt3107288,5/12/2021,5/12/2021,"After being struck by lightning, Barry Allen wakes up from his coma to discover he's been given the power of super speed, becoming the Flash, and fighting crime in Central City.",The Flash,7.5,https://www.imdb.com/title/tt3107288/,tvSeries,7.6,43,2014,"Action, Adventure, Drama, Sci-Fi",343321,10/7/2014,,,
88,tt1270797,5/12/2021,5/12/2021,"A failed reporter is bonded to an alien entity, one of many symbiotes who have invaded Earth. But the being takes a liking to Earth and decides to protect it.",Venom,7.5,https://www.imdb.com/title/tt1270797/,movie,6.6,112,2018,"Action, Adventure, Sci-Fi",476332,10/1/2018,Ruben Fleischer,,
89,tt5095030,5/12/2021,5/12/2021,"As Scott Lang balances being both a superhero and a father, Hope van Dyne and Dr. Hank Pym present an urgent new mission that finds the Ant-Man fighting alongside The Wasp to uncover secrets from their past.",Ant-Man and the Wasp,7.5,https://www.imdb.com/title/tt5095030/,movie,7,118,2018,"Action, Adventure, Comedy, Sci-Fi",392433,6/25/2018,Peyton Reed,,
90,tt3501632,5/12/2021,5/12/2021,"Imprisoned on the planet Sakaar, Thor must race against time to return to Asgard and stop Ragnarök, the destruction of his world, at the hands of the powerful and ruthless villain Hela.",Thor: Ragnarok,8.5,https://www.imdb.com/title/tt3501632/,movie,7.9,130,2017,"Action, Adventure, Comedy, Fantasy, Sci-Fi",733055,10/10/2017,Taika Waititi,,
91,tt1300854,5/12/2021,5/12/2021,"When Tony Stark's world is torn apart by a formidable terrorist called the Mandarin, he starts an odyssey of rebuilding and retribution.",Iron Man Three,8.5,https://www.imdb.com/title/tt1300854/,movie,7.1,130,2013,"Action, Adventure, Sci-Fi",839188,4/14/2013,Shane Black,,
92,tt1477834,5/12/2021,5/12/2021,"Arthur Curry, the human-born heir to the underwater kingdom of Atlantis, goes on a quest to prevent a war between the worlds of ocean and land.",Aquaman,8,https://www.imdb.com/title/tt1477834/,movie,6.8,143,2018,"Action, Adventure, Fantasy, Sci-Fi",465132,11/26/2018,James Wan,,
93,tt1843866,5/12/2021,5/12/2021,"As Steve Rogers struggles to embrace his role in the modern world, he teams up with a fellow Avenger and S.H.I.E.L.D agent, Black Widow, to battle a new threat from history: an assassin known as the Winter Soldier.",Captain America: The Winter Soldier,8,https://www.imdb.com/title/tt1843866/,movie,7.8,136,2014,"Action, Adventure, Sci-Fi, Thriller",832924,3/13/2014,"Anthony Russo, Joe Russo",,
94,tt8416494,5/12/2021,5/12/2021,The adventures of an idealistic mad scientist and his field team of superpowered outcasts.,Doom Patrol,8,https://www.imdb.com/title/tt8416494/,tvSeries,7.8,60,2019,"Action, Adventure, Comedy, Drama, Mystery, Sci-Fi",51075,1/11/2019,,,
95,tt7366338,5/15/2021,5/15/2021,"In April 1986, an explosion at the Chernobyl nuclear power plant in the Union of Soviet Socialist Republics becomes one of the world's worst man-made catastrophes.",Chernobyl,9.5,https://www.imdb.com/title/tt7366338/,tvMiniSeries,9.4,330,2019,"Drama, History, Thriller",727147,5/6/2019,,,
96,tt2076822,5/15/2021,5/15/2021,Two unlikely companions embark on a perilous adventure through the badlands of an unexplored planet as they try to escape a dangerous and disorienting reality where all thoughts are seen and heard by everyone.,Chaos Walking,9,https://www.imdb.com/title/tt2076822/,movie,5.7,109,2021,"Action, Adventure, Fantasy, Sci-Fi",47435,2/24/2021,Doug Liman,,
97,tt8879940,5/16/2021,5/16/2021,The owner of a successful video game design company and his troubled staff struggle to keep their hit game 'Mythic Quest' on top.,Mythic Quest: Raven's Banquet,7,https://www.imdb.com/title/tt8879940/,tvSeries,7.7,30,2020,Comedy,22722,2/7/2020,,,
98,tt10155688,6/5/2021,6/5/2021,A detective in a small Pennsylvania town investigates a local murder while trying to keep her life from falling apart.,Mare of Easttown,6.5,https://www.imdb.com/title/tt10155688/,tvMiniSeries,8.5,60,2021,"Crime, Drama, Mystery",149717,4/18/2021,,,
101,tt12851524,10/9/2021,10/9/2021,Three strangers who share an obsession with true crime suddenly find themselves caught up in one.,Only Murders in the Building,7,https://www.imdb.com/title/tt12851524/,tvSeries,8.1,30,2021,"Comedy, Crime, Drama, Mystery, Thriller",88276,8/31/2021,,,
102,tt0804484,10/10/2021,10/10/2021,A complex saga of humans scattered on planets throughout the galaxy all living under the rule of the Galactic Empire.,Foundation,8.5,https://www.imdb.com/title/tt0804484/,tvSeries,7.4,60,2021,"Drama, Sci-Fi",56746,9/24/2021,,,
103,tt1160419,10/19/2021,10/19/2021,A noble family becomes embroiled in a war for control over the galaxy's most valuable asset while its heir becomes troubled by visions of a dark future.,Dune: Part One,9,https://www.imdb.com/title/tt1160419/,movie,8,155,2021,"Action, Adventure, Drama, Sci-Fi",603651,9/3/2021,Denis Villeneuve,,
104,tt9698442,10/20/2021,10/20/2021,"It follows Louise, a single mom with a son and a part-time job in a psychiatrist's office. She begins an affair with her boss and strikes up an unlikely friendship with his wife.",Behind Her Eyes,8.5,https://www.imdb.com/title/tt9698442/,tvMiniSeries,7.2,298,2021,"Drama, Mystery, Thriller",60240,2/17/2021,,,
105,tt8722888,10/22/2021,10/22/2021,Teenager Courtney Whitmore joins the Justice Society of America. Based on the character from DC Comics.,Stargirl,6.5,https://www.imdb.com/title/tt8722888/,tvSeries,7.1,566,2020,"Action, Adventure, Crime, Drama, Fantasy, Sci-Fi",17312,5/18/2020,,,
106,tt5232792,10/30/2021,10/30/2021,"After crash-landing on an alien planet, the Robinson family fight against all odds to survive and escape, but they're surrounded by hidden dangers.",Lost in Space,6,https://www.imdb.com/title/tt5232792/,tvSeries,7.3,60,2018,"Adventure, Drama, Family, Mystery, Sci-Fi",98732,4/13/2018,,,
107,tt3749900,11/27/2021,11/27/2021,The story behind Detective James Gordon's rise to prominence in Gotham City in the years before Batman's arrival.,Gotham,8.5,https://www.imdb.com/title/tt3749900/,tvSeries,7.8,42,2014,"Action, Crime, Drama, Mystery, Sci-Fi, Thriller",228657,7/26/2014,,,
108,tt10160804,12/1/2021,12/1/2021,"Series based on the Marvel Comics superhero Hawkeye, centering on the adventures of Young Avenger, Kate Bishop, who took on the role after the original Avenger, Clint Barton.",Hawkeye,8.9,https://www.imdb.com/title/tt10160804/,tvMiniSeries,7.5,339,2021,"Action, Adventure, Crime, Mystery, Sci-Fi",172781,11/11/2021,,,
109,tt7462410,12/1/2021,12/1/2021,"Set in a high fantasy world where magic exists, but only some can access it, a woman named Moiraine crosses paths with five young men and women. This sparks a dangerous, world-spanning journey. Based on the book series by Robert Jordan.",The Wheel of Time,9.5,https://www.imdb.com/title/tt7462410/,tvSeries,7.1,60,2021,"Action, Adventure, Drama, Fantasy",99513,11/17/2021,,,
110,tt2382320,12/1/2021,12/1/2021,"James Bond has left active service. His peace is short-lived when Felix Leiter, an old friend from the CIA, turns up asking for help, leading Bond onto the trail of a mysterious villain armed with dangerous new technology.",No Time to Die,8,https://www.imdb.com/title/tt2382320/,movie,7.3,163,2021,"Action, Adventure, Thriller",385851,9/28/2021,Cary Joji Fukunaga,,
111,tt3420504,12/1/2021,12/1/2021,"On a post-apocalyptic Earth, a robot, built to protect the life of his creator's beloved dog learns about life, love, friendship and what it means to be human.",Finch,7,https://www.imdb.com/title/tt3420504/,movie,6.8,115,2021,"Adventure, Drama, Sci-Fi",80287,11/5/2021,Miguel Sapochnik,,
112,tt10838180,12/10/2021,12/10/2021,"Return to a world of two realities: one, everyday life; the other, what lies behind it. To find out if his reality is a construct, to truly know himself, Mr. Anderson will have to choose to follow the white rabbit once more.",The Matrix Resurrections,7.5,https://www.imdb.com/title/tt10838180/,movie,5.7,148,2021,"Action, Sci-Fi",239813,12/16/2021,Lana Wachowski,,
113,tt12785720,12/20/2021,12/20/2021,"Prequel to the Netflix series 'The Witcher', set in an elven world 1,200 years before the show, centering on the origins of the very first Witcher.",The Witcher: Blood Origin,9.5,https://www.imdb.com/title/tt12785720/,tvMiniSeries,,,2022,"Action, Adventure, Drama, Fantasy, Mystery",,12/31/2022,,,
115,tt9777666,12/21/2021,12/21/2021,A family man is drafted to fight in a future war where the fate of humanity relies on his ability to confront the past.,The Tomorrow War,8.5,https://www.imdb.com/title/tt9777666/,movie,6.5,138,2021,"Action, Adventure, Drama, Sci-Fi, Thriller",201517,7/2/2021,Chris McKay,,
116,tt0870154,12/21/2021,12/21/2021,Based on Disneyland's theme park ride where a small riverboat takes a group of travelers through a jungle filled with dangerous animals and reptiles but with a supernatural element.,Jungle Cruise,6.5,https://www.imdb.com/title/tt0870154/,movie,6.6,127,2021,"Action, Adventure, Comedy, Fantasy",183524,7/24/2021,Jaume Collet-Serra,,
117,tt7991608,12/23/2021,12/23/2021,"An Interpol agent successfully tracks down the world's most wanted art thief, with help from a rival thief. But nothing is as it seems, as a series of double-crosses ensue.",Red Notice,8,https://www.imdb.com/title/tt7991608/,movie,6.3,118,2021,"Action, Comedy, Thriller",268379,11/4/2021,Rawson Marshall Thurber,,
118,tt6339102,12/23/2021,12/23/2021,"A small-time pot dealer convinces his neighbors to create a fake family, in order to smuggle in drugs from Mexico onto US soil.",We're the Millers: The Miller Makeovers,9,https://www.imdb.com/title/tt6339102/,short,7.1,4,2013,"Short, Comedy, Crime",15840,8/15/2013,,,
119,tt9170108,1/7/2022,1/7/2022,Androids are tasked with raising human children on a mysterious planet.,Raised by Wolves,7.5,https://www.imdb.com/title/tt9170108/,tvSeries,7.5,,2020,"Drama, Fantasy, Sci-Fi, Thriller",77351,9/3/2020,,,
120,tt11198330,1/7/2022,1/7/2022,"House of the Dragon tells the story of an internal succession war within House Targaryen at the height of its power, 172 years before the birth of Daenerys Targaryen.",House of the Dragon,9.5,https://www.imdb.com/title/tt11198330/,tvSeries,8.9,,2022,"Action, Adventure, Drama, Fantasy, Romance",62535,7/27/2022,,,
121,tt11286314,1/7/2022,1/7/2022,Two low-level astronomers must go on a giant media tour to warn humankind of an approaching comet that will destroy planet Earth.,Don't Look Up,9.8,https://www.imdb.com/title/tt11286314/,movie,7.2,138,2021,"Comedy, Drama, Sci-Fi",521905,12/5/2021,Adam McKay,,
122,tt13146488,1/14/2022,1/14/2022,"Picking up where The Suicide Squad (2021) left off, Peacemaker returns home after recovering from his encounter with Bloodsport - only to discover that his freedom comes at a price.",Peacemaker,7.5,https://www.imdb.com/title/tt13146488/,tvSeries,8.3,40,2022,"Action, Adventure, Comedy, Crime, Fantasy, Sci-Fi",104008,1/12/2022,,,
123,tt9288030,2/12/2022,2/12/2022,Jack Reacher was arrested for murder and now the police need his help. Based on the books by Lee Child.,Reacher,8.9,https://www.imdb.com/title/tt9288030/,tvSeries,8.1,49,2022,"Action, Crime, Drama, Thriller",112262,2/3/2022,,,
125,tt4513678,2/15/2022,2/15/2022,"When a single mom and her two kids arrive in a small town, they begin to discover their connection to the original Ghostbusters and the secret legacy their grandfather left behind.",Ghostbusters: Afterlife,6.5,https://www.imdb.com/title/tt4513678/,movie,7.1,124,2021,"Adventure, Comedy, Fantasy, Sci-Fi",172224,10/8/2021,Jason Reitman,,
126,tt12614214,2/15/2022,2/15/2022,"When a high school reunion's afterparty ends in a death, everyone is a suspect. A detective grills the former classmates one by one, uncovering potential motives as each tells their version of the story - culminating in the shocking truth.",The Afterparty,7,https://www.imdb.com/title/tt12614214/,tvSeries,7.2,35,2022,"Comedy, Crime, Mystery",11125,1/28/2022,,,
127,tt8690918,2/15/2022,2/15/2022,A crash-landed alien takes on the identity of a small-town Colorado doctor and slowly begins to wrestle with the moral dilemma of his secret mission on Earth.,Resident Alien,6.5,https://www.imdb.com/title/tt8690918/,tvSeries,8.1,44,2021,"Comedy, Drama, Mystery, Sci-Fi",37568,1/27/2021,,,
128,tt2953050,2/15/2022,2/15/2022,A Colombian teenage girl has to face the frustration of being the only member of her family without magical powers.,Encanto,7,https://www.imdb.com/title/tt2953050/,movie,7.2,102,2021,"Animation, Comedy, Family, Fantasy, Musical",211787,11/3/2021,"Jared Bush, Byron Howard, Charise Castro Smith",,
129,tt10857160,2/15/2022,2/15/2022,"Jennifer Walters navigates the complicated life of a single, 30-something attorney who also happens to be a green 6-foot-7-inch superpowered Hulk.",She-Hulk: Attorney at Law,8.5,https://www.imdb.com/title/tt10857160/,tvSeries,5.1,35,2022,"Action, Adventure, Comedy, Drama, Sci-Fi",56942,8/18/2022,,,
131,tt8041270,2/18/2022,2/18/2022,"Four years after the destruction of Isla Nublar, Biosyn operatives attempt to track down Maisie Lockwood, while Dr Ellie Sattler investigates a genetically engineered swarm of giant insects.",Jurassic World Dominion,8.5,https://www.imdb.com/title/tt8041270/,movie,5.7,147,2022,"Action, Adventure, Sci-Fi, Thriller",122879,5/23/2022,Colin Trevorrow,,
132,tt14641788,2/18/2022,2/18/2022,"Now a detective-for-hire, Enola Holmes takes on her first official case to find a missing girl as the sparks of a dangerous conspiracy ignite a mystery that requires the help of friends - and Sherlock himself - to unravel",Enola Holmes 2,8.5,https://www.imdb.com/title/tt14641788/,movie,,,2022,"Action, Adventure, Crime, Drama, Mystery",,11/4/2022,Harry Bradbeer,,
133,tt1630029,2/18/2022,2/18/2022,"Jake Sully lives with his newfound family formed on the planet of Pandora. Once a familiar threat returns to finish what was previously started, Jake must work with Neytiri and the army of the Na'vi race to protect their planet.",Avatar: The Way of Water,9,https://www.imdb.com/title/tt1630029/,movie,,,2022,"Action, Adventure, Sci-Fi, Thriller",,12/14/2022,James Cameron,,
137,tt8740976,2/18/2022,2/18/2022,"A journalist with a lot to prove investigates the case of Anna Delvey, the Instagram-legendary German heiress who stole the hearts of New York's social scene - and stole their money as well.",Inventing Anna,9,https://www.imdb.com/title/tt8740976/,tvMiniSeries,6.8,65,2022,Drama,63531,2/11/2022,,,
138,tt14507354,3/6/2022,3/6/2022,"A sexy and twisted heist show on how far some people will go for love, justice and the most valuable commodity in the world: truth.",The Endgame,6.5,https://www.imdb.com/title/tt14507354/,tvSeries,6.7,43,2022,"Crime, Drama",5516,2/21/2022,,,
139,tt1464335,3/11/2022,3/11/2022,"Street-smart Nathan Drake is recruited by seasoned treasure hunter Victor ""Sully"" Sullivan to recover a fortune amassed by Ferdinand Magellan, and lost 500 years ago by the House of Moncada.",Uncharted,6.5,https://www.imdb.com/title/tt1464335/,movie,6.3,116,2022,"Action, Adventure",175707,2/8/2022,Ruben Fleischer,,
140,tt7335184,3/13/2022,3/13/2022,"A dangerously charming, intensely obsessive young man goes to extreme measures to insert himself into the lives of those he is transfixed by.",You,8.5,https://www.imdb.com/title/tt7335184/,tvSeries,7.7,45,2018,"Crime, Drama, Romance, Thriller",232612,9/9/2018,,,
141,tt2180339,3/31/2022,3/31/2022,A well-to-do husband who allows his wife to have affairs in order to avoid a divorce becomes a prime suspect in the disappearance of her lovers.,Deep Water,8.5,https://www.imdb.com/title/tt2180339/,movie,5.4,115,2022,"Drama, Mystery, Thriller",42640,3/18/2022,Adrian Lyne,,
142,tt2934286,3/31/2022,3/31/2022,Aliens threaten human existence in an epic 26th-century showdown.,Halo,9.5,https://www.imdb.com/title/tt2934286/,tvSeries,7,60,2022,"Action, Adventure, Sci-Fi, Thriller, War",55734,3/14/2022,,,
143,tt10234724,4/15/2022,4/15/2022,Steven Grant discovers he's been granted the powers of an Egyptian moon god. But he soon finds out that these newfound powers can be both a blessing and a curse to his troubled life.,Moon Knight,7.5,https://www.imdb.com/title/tt10234724/,tvMiniSeries,7.3,,2022,"Action, Adventure, Fantasy",210472,3/30/2022,,,
145,tt6394324,4/16/2022,4/16/2022,"Follows the lives of three sisters who, after the tragic death of their mother, discover they are powerful witches.",Charmed,8.5,https://www.imdb.com/title/tt6394324/,tvSeries,4.6,43,2018,"Drama, Fantasy, Mystery",16640,10/14/2018,,,
146,tt14829590,4/25/2022,4/25/2022,"A dying man's enigmatic last words send vicar's son, Bobby Jones, and his socialite friend, Lady Frankie Derwent, on a crime-solving adventure.",Why Didn't They Ask Evans?,7,https://www.imdb.com/title/tt14829590/,tvMiniSeries,7.1,174,2022,"Mystery, Thriller",3626,4/12/2022,,,
147,tt2463208,4/25/2022,4/25/2022,"After accidentally crash-landing in 2022, time-traveling fighter pilot Adam Reed teams up with his 12-year-old self for a mission to save the future.",The Adam Project,7.5,https://www.imdb.com/title/tt2463208/,movie,6.7,106,2022,"Action, Adventure, Comedy, Sci-Fi",190375,2/28/2022,Shawn Levy,,
153,tt4123432,5/23/2022,5/23/2022,Professor Albus Dumbledore must assign Newt Scamander and his fellow partners as Grindelwald begins to lead an army to eliminate all Muggles.,Fantastic Beasts: The Secrets of Dumbledore,9.7,https://www.imdb.com/title/tt4123432/,movie,6.2,142,2022,"Adventure, Family, Fantasy",125372,4/6/2022,David Yates,,
154,tt13320622,5/23/2022,5/23/2022,A reclusive romance novelist on a book tour with her cover model gets swept up in a kidnapping attempt that lands them both in a cutthroat jungle adventure.,The Lost City,6.5,https://www.imdb.com/title/tt13320622/,movie,6.1,112,2022,"Action, Adventure, Comedy, Romance",96910,3/12/2022,"Adam Nee, Aaron Nee",,
155,tt6710474,7/9/2022,7/9/2022,"An aging Chinese immigrant is swept up in an insane adventure, where she alone can save the world by exploring other universes connecting with the lives she could have led.",Everything Everywhere All at Once,6.5,https://www.imdb.com/title/tt6710474/,movie,8.2,139,2022,"Action, Adventure, Comedy, Fantasy, Sci-Fi",187589,3/11/2022,"Dan Kwan, Daniel Scheinert",,
156,tt1745960,7/12/2022,7/12/2022,"After more than thirty years of service as one of the Navy's top aviators, Pete Mitchell is where he belongs, pushing the envelope as a courageous test pilot and dodging the advancement in rank that would ground him.",Top Gun: Maverick,8.5,https://www.imdb.com/title/tt1745960/,movie,8.5,130,2022,"Action, Drama",319269,5/18/2022,Joseph Kosinski,,
157,tt7712598,7/23/2022,7/23/2022,An antiquities expert teams up with an art thief to catch a terrorist who funds his attacks using stolen artifacts.,Blood & Treasure,6,https://www.imdb.com/title/tt7712598/,tvSeries,6.6,60,2019,"Action, Adventure",5229,5/21/2019,,,
158,tt11743610,7/26/2022,7/26/2022,A former Navy SEAL officer investigates why his entire platoon was ambushed during a high-stakes covert mission.,The Terminal List,8.5,https://www.imdb.com/title/tt11743610/,tvSeries,8,55,2022,"Action, Drama, Thriller",70256,6/30/2022,,,
159,tt8697870,7/26/2022,7/26/2022,"An epic tale following a gang of Victorian women who find themselves with unusual abilities, relentless enemies, and a mission that might change the world.",The Nevers,8.5,https://www.imdb.com/title/tt8697870/,tvSeries,7.4,58,2021,"Action, Drama, Fantasy, Sci-Fi, Thriller",22956,4/11/2021,,,
160,tt7820906,8/4/2022,8/4/2022,Callie and Mariana Foster move to Los Angeles and begin their lives as young adults.,Good Trouble,9,https://www.imdb.com/title/tt7820906/,tvSeries,7.4,45,2019,"Comedy, Drama, Romance",7129,1/8/2019,,,
161,tt1649418,8/6/2022,8/6/2022,"When the CIA's most skilled operative-whose true identity is known to none-accidentally uncovers dark agency secrets, a psychopathic former colleague puts a bounty on his head, setting off a global manhunt by international assassins.",The Gray Man,7,https://www.imdb.com/title/tt1649418/,movie,6.5,122,2022,"Action, Thriller",154918,7/13/2022,"Anthony Russo, Joe Russo",,
162,tt11897688,8/6/2022,8/6/2022,"Exploring love and the weird things we do in the name of it, encased in an elaborate true-crime conspiracy.",The Resort,7,https://www.imdb.com/title/tt11897688/,tvSeries,7.3,35,2022,"Comedy, Mystery, Thriller",2424,7/23/2022,,,
163,tt14192428,8/6/2022,8/6/2022,"Moonhaven focuses on Bella Sway, a lunar cargo pilot and smuggler 100 years in the future who finds herself accused of a crime and marooned on Moonhaven, a utopian community set on a 500 square mile Garden of Eden built on the Moon to find solutions to the problems that will soon end civilization on Mother Earth. A skeptic in Paradise, Bella is sucked into a conspiracy to gain control of the artificial intelligence responsible for Moonhaven's miracles and teams with a local detective to stop the forces that want to destroy Earth's last hope before they are destroyed themselves.",Moonhaven,8.5,https://www.imdb.com/title/tt14192428/,tvSeries,5,60,2022,"Drama, Sci-Fi",1995,7/7/2022,,,
165,tt15466144,8/19/2022,8/19/2022,"Michael's life seemed to be perfect, until his long time partner blindsided him after 17 years of being in long time relationship. He has to confront the nightmares of losing his soulmate and suddenly finding himself as a single gay man in his mid-40s.",Uncoupled,8,https://www.imdb.com/title/tt15466144/,tvSeries,7,30,2022,"Comedy, Drama, Romance",11806,7/29/2022,,,
166,tt4301160,8/24/2022,8/24/2022,Jimmy Keene is sentenced to 10 years in a minimum security prison but he cuts a deal with the FBI to befriend a suspected serial killer. Keene has to elicit a confession from Larry Hall to find the bodies of as many as eighteen women.,Black Bird,8.5,https://www.imdb.com/title/tt4301160/,tvMiniSeries,8.2,347,2022,"Crime, Drama, Mystery, Thriller",35338,7/8/2022,,,
167,tt12593682,8/28/2022,8/28/2022,Five assassins aboard a fast moving bullet train find out their missions have something in common.,Bullet Train,8.9,https://www.imdb.com/title/tt12593682/,movie,7.5,127,2022,"Action, Comedy, Thriller",62967,7/18/2022,David Leitch,,
168,tt3007572,8/30/2022,8/30/2022,"After their father is murdered under mysterious circumstances, the three Locke siblings and their mother move into their ancestral home, Keyhouse, which they discover is full of magical keys that may be connected to their father's death.",Locke & Key,9,https://www.imdb.com/title/tt3007572/,tvSeries,7.4,48,2020,"Drama, Fantasy, Horror, Mystery, Thriller",81797,2/7/2020,,,
169,tt7214954,8/30/2022,8/30/2022,The curtain is pulled back on the millennia-old battle between the organizations of good luck and bad luck that secretly affects everyday lives.,Luck,7,https://www.imdb.com/title/tt7214954/,movie,6.3,105,2022,"Animation, Adventure, Comedy, Family, Fantasy",11681,8/5/2022,Peggy Holmes,,
